Writer,Mon Jan 01 2024 00:00:00 GMT+0000 (Greenwich Mean Time),Tue Jan 02 2024 00:00:00 GMT+0000 (Greenwich Mean Time),Wed Jan 03 2024 00:00:00 GMT+0000 (Greenwich Mean Time),Thu Jan 04 2024 00:00:00 GMT+0000 (Greenwich Mean Time),Fri Jan 05 2024 00:00:00 GMT+0000 (Greenwich Mean Time),Mon Jan 08 2024 00:00:00 GMT+0000 (Greenwich Mean Time),Tue Jan 09 2024 00:00:00 GMT+0000 (Greenwich Mean Time),Wed Jan 10 2024 00:00:00 GMT+0000 (Greenwich Mean Time),Thu Jan 11 2024 00:00:00 GMT+0000 (Greenwich Mean Time),Fri Jan 12 2024 00:00:00 GMT+0000 (Greenwich Mean Time),Mon Jan 15 2024 00:00:00 GMT+0000 (Greenwich Mean Time),Tue Jan 16 2024 00:00:00 GMT+0000 (Greenwich Mean Time),Wed Jan 17 2024 00:00:00 GMT+0000 (Greenwich Mean Time),Thu Jan 18 2024 00:00:00 GMT+0000 (Greenwich Mean Time),Fri Jan 19 2024 00:00:00 GMT+0000 (Greenwich Mean Time),Mon Jan 22 2024 00:00:00 GMT+0000 (Greenwich Mean Time),Tue Jan 23 2024 00:00:00 GMT+0000 (Greenwich Mean Time),Wed Jan 24 2024 00:00:00 GMT+0000 (Greenwich Mean Time),Thu Jan 25 2024 00:00:00 GMT+0000 (Greenwich Mean Time),Fri Jan 26 2024 00:00:00 GMT+0000 (Greenwich Mean Time),Mon Jan 29 2024 00:00:00 GMT+0000 (Greenwich Mean Time),Tue Jan 30 2024 00:00:00 GMT+0000 (Greenwich Mean Time),Wed Jan 31 2024 00:00:00 GMT+0000 (Greenwich Mean Time),Thu Feb 01 2024 00:00:00 GMT+0000 (Greenwich Mean Time),Fri Feb 02 2024 00:00:00 GMT+0000 (Greenwich Mean Time),Mon Feb 05 2024 00:00:00 GMT+0000 (Greenwich Mean Time),Tue Feb 06 2024 00:00:00 GMT+0000 (Greenwich Mean Time),Wed Feb 07 2024 00:00:00 GMT+0000 (Greenwich Mean Time),Thu Feb 08 2024 00:00:00 GMT+0000 (Greenwich Mean Time),Fri Feb 09 2024 00:00:00 GMT+0000 (Greenwich Mean Time),Mon Feb 12 2024 00:00:00 GMT+0000 (Greenwich Mean Time),Tue Feb 13 2024 00:00:00 GMT+0000 (Greenwich Mean Time),Wed Feb 14 2024 00:00:00 GMT+0000 (Greenwich Mean Time),Thu Feb 15 2024 00:00:00 GMT+0000 (Greenwich Mean Time),Fri Feb 16 2024 00:00:00 GMT+0000 (Greenwich Mean Time),Mon Feb 19 2024 00:00:00 GMT+0000 (Greenwich Mean Time),Tue Feb 20 2024 00:00:00 GMT+0000 (Greenwich Mean Time),Wed Feb 21 2024 00:00:00 GMT+0000 (Greenwich Mean Time),Thu Feb 22 2024 00:00:00 GMT+0000 (Greenwich Mean Time),Fri Feb 23 2024 00:00:00 GMT+0000 (Greenwich Mean Time),Mon Feb 26 2024 00:00:00 GMT+0000 (Greenwich Mean Time),Tue Feb 27 2024 00:00:00 GMT+0000 (Greenwich Mean Time),Wed Feb 28 2024 00:00:00 GMT+0000 (Greenwich Mean Time),Thu Feb 29 2024 00:00:00 GMT+0000 (Greenwich Mean Time),Fri Mar 01 2024 00:00:00 GMT+0000 (Greenwich Mean Time),Mon Mar 04 2024 00:00:00 GMT+0000 (Greenwich Mean Time),Tue Mar 05 2024 00:00:00 GMT+0000 (Greenwich Mean Time),Wed Mar 06 2024 00:00:00 GMT+0000 (Greenwich Mean Time),Thu Mar 07 2024 00:00:00 GMT+0000 (Greenwich Mean Time),Fri Mar 08 2024 00:00:00 GMT+0000 (Greenwich Mean Time),Mon Mar 11 2024 00:00:00 GMT+0000 (Greenwich Mean Time),Tue Mar 12 2024 00:00:00 GMT+0000 (Greenwich Mean Time),Wed Mar 13 2024 00:00:00 GMT+0000 (Greenwich Mean Time),Thu Mar 14 2024 00:00:00 GMT+0000 (Greenwich Mean Time),Fri Mar 15 2024 00:00:00 GMT+0000 (Greenwich Mean Time),Mon Mar 18 2024 00:00:00 GMT+0000 (Greenwich Mean Time),Tue Mar 19 2024 00:00:00 GMT+0000 (Greenwich Mean Time),Wed Mar 20 2024 00:00:00 GMT+0000 (Greenwich Mean Time),Thu Mar 21 2024 00:00:00 GMT+0000 (Greenwich Mean Time),Fri Mar 22 2024 00:00:00 GMT+0000 (Greenwich Mean Time),Mon Mar 25 2024 00:00:00 GMT+0000 (Greenwich Mean Time),Tue Mar 26 2024 00:00:00 GMT+0000 (Greenwich Mean Time),Wed Mar 27 2024 00:00:00 GMT+0000 (Greenwich Mean Time),Thu Mar 28 2024 00:00:00 GMT+0000 (Greenwich Mean Time),Fri Mar 29 2024 00:00:00 GMT+0000 (Greenwich Mean Time),Mon Apr 01 2024 00:00:00 GMT+0100 (Irish Standard Time),Tue Apr 02 2024 00:00:00 GMT+0100 (Irish Standard Time),Wed Apr 03 2024 00:00:00 GMT+0100 (Irish Standard Time),Thu Apr 04 2024 00:00:00 GMT+0100 (Irish Standard Time),Fri Apr 05 2024 00:00:00 GMT+0100 (Irish Standard Time),Mon Apr 08 2024 00:00:00 GMT+0100 (Irish Standard Time),Tue Apr 09 2024 00:00:00 GMT+0100 (Irish Standard Time),Wed Apr 10 2024 00:00:00 GMT+0100 (Irish Standard Time),Thu Apr 11 2024 00:00:00 GMT+0100 (Irish Standard Time),Fri Apr 12 2024 00:00:00 GMT+0100 (Irish Standard Time),Mon Apr 15 2024 00:00:00 GMT+0100 (Irish Standard Time),Tue Apr 16 2024 00:00:00 GMT+0100 (Irish Standard Time),Wed Apr 17 2024 00:00:00 GMT+0100 (Irish Standard Time),Thu Apr 18 2024 00:00:00 GMT+0100 (Irish Standard Time),Fri Apr 19 2024 00:00:00 GMT+0100 (Irish Standard Time),Mon Apr 22 2024 00:00:00 GMT+0100 (Irish Standard Time),Tue Apr 23 2024 00:00:00 GMT+0100 (Irish Standard Time),Wed Apr 24 2024 00:00:00 GMT+0100 (Irish Standard Time),Thu Apr 25 2024 00:00:00 GMT+0100 (Irish Standard Time),Fri Apr 26 2024 00:00:00 GMT+0100 (Irish Standard Time),Mon Apr 29 2024 00:00:00 GMT+0100 (Irish Standard Time),Tue Apr 30 2024 00:00:00 GMT+0100 (Irish Standard Time),Wed May 01 2024 00:00:00 GMT+0100 (Irish Standard Time),Thu May 02 2024 00:00:00 GMT+0100 (Irish Standard Time),Fri May 03 2024 00:00:00 GMT+0100 (Irish Standard Time),Mon May 06 2024 00:00:00 GMT+0100 (Irish Standard Time),Tue May 07 2024 00:00:00 GMT+0100 (Irish Standard Time),Wed May 08 2024 00:00:00 GMT+0100 (Irish Standard Time),Thu May 09 2024 00:00:00 GMT+0100 (Irish Standard Time),Fri May 10 2024 00:00:00 GMT+0100 (Irish Standard Time),Mon May 13 2024 00:00:00 GMT+0100 (Irish Standard Time),Tue May 14 2024 00:00:00 GMT+0100 (Irish Standard Time),Wed May 15 2024 00:00:00 GMT+0100 (Irish Standard Time),Thu May 16 2024 00:00:00 GMT+0100 (Irish Standard Time),Fri May 17 2024 00:00:00 GMT+0100 (Irish Standard Time),Mon May 20 2024 00:00:00 GMT+0100 (Irish Standard Time),Tue May 21 2024 00:00:00 GMT+0100 (Irish Standard Time),Wed May 22 2024 00:00:00 GMT+0100 (Irish Standard Time),Thu May 23 2024 00:00:00 GMT+0100 (Irish Standard Time),Fri May 24 2024 00:00:00 GMT+0100 (Irish Standard Time),Mon May 27 2024 00:00:00 GMT+0100 (Irish Standard Time),Tue May 28 2024 00:00:00 GMT+0100 (Irish Standard Time),Wed May 29 2024 00:00:00 GMT+0100 (Irish Standard Time),Thu May 30 2024 00:00:00 GMT+0100 (Irish Standard Time),Fri May 31 2024 00:00:00 GMT+0100 (Irish Standard Time),Mon Jun 03 2024 00:00:00 GMT+0100 (Irish Standard Time),Tue Jun 04 2024 00:00:00 GMT+0100 (Irish Standard Time),Wed Jun 05 2024 00:00:00 GMT+0100 (Irish Standard Time),Thu Jun 06 2024 00:00:00 GMT+0100 (Irish Standard Time),Fri Jun 07 2024 00:00:00 GMT+0100 (Irish Standard Time),Mon Jun 10 2024 00:00:00 GMT+0100 (Irish Standard Time),Tue Jun 11 2024 00:00:00 GMT+0100 (Irish Standard Time),Wed Jun 12 2024 00:00:00 GMT+0100 (Irish Standard Time),Thu Jun 13 2024 00:00:00 GMT+0100 (Irish Standard Time),Fri Jun 14 2024 00:00:00 GMT+0100 (Irish Standard Time),Mon Jun 17 2024 00:00:00 GMT+0100 (Irish Standard Time),Tue Jun 18 2024 00:00:00 GMT+0100 (Irish Standard Time),Wed Jun 19 2024 00:00:00 GMT+0100 (Irish Standard Time),Thu Jun 20 2024 00:00:00 GMT+0100 (Irish Standard Time),Fri Jun 21 2024 00:00:00 GMT+0100 (Irish Standard Time),Mon Jun 24 2024 00:00:00 GMT+0100 (Irish Standard Time),Tue Jun 25 2024 00:00:00 GMT+0100 (Irish Standard Time),Wed Jun 26 2024 00:00:00 GMT+0100 (Irish Standard Time),Thu Jun 27 2024 00:00:00 GMT+0100 (Irish Standard Time),Fri Jun 28 2024 00:00:00 GMT+0100 (Irish Standard Time),Mon Jul 01 2024 00:00:00 GMT+0100 (Irish Standard Time),Tue Jul 02 2024 00:00:00 GMT+0100 (Irish Standard Time),Wed Jul 03 2024 00:00:00 GMT+0100 (Irish Standard Time),Thu Jul 04 2024 00:00:00 GMT+0100 (Irish Standard Time),Fri Jul 05 2024 00:00:00 GMT+0100 (Irish Standard Time),Mon Jul 08 2024 00:00:00 GMT+0100 (Irish Standard Time),Tue Jul 09 2024 00:00:00 GMT+0100 (Irish Standard Time),Wed Jul 10 2024 00:00:00 GMT+0100 (Irish Standard Time),Thu Jul 11 2024 00:00:00 GMT+0100 (Irish Standard Time),Fri Jul 12 2024 00:00:00 GMT+0100 (Irish Standard Time),Mon Jul 15 2024 00:00:00 GMT+0100 (Irish Standard Time),Tue Jul 16 2024 00:00:00 GMT+0100 (Irish Standard Time),Wed Jul 17 2024 00:00:00 GMT+0100 (Irish Standard Time),Thu Jul 18 2024 00:00:00 GMT+0100 (Irish Standard Time),Fri Jul 19 2024 00:00:00 GMT+0100 (Irish Standard Time),Mon Jul 22 2024 00:00:00 GMT+0100 (Irish Standard Time),Tue Jul 23 2024 00:00:00 GMT+0100 (Irish Standard Time),Wed Jul 24 2024 00:00:00 GMT+0100 (Irish Standard Time),Thu Jul 25 2024 00:00:00 GMT+0100 (Irish Standard Time),Fri Jul 26 2024 00:00:00 GMT+0100 (Irish Standard Time),Mon Jul 29 2024 00:00:00 GMT+0100 (Irish Standard Time),Tue Jul 30 2024 00:00:00 GMT+0100 (Irish Standard Time),Wed Jul 31 2024 00:00:00 GMT+0100 (Irish Standard Time),Thu Aug 01 2024 00:00:00 GMT+0100 (Irish Standard Time),Fri Aug 02 2024 00:00:00 GMT+0100 (Irish Standard Time),Mon Aug 05 2024 00:00:00 GMT+0100 (Irish Standard Time),Tue Aug 06 2024 00:00:00 GMT+0100 (Irish Standard Time),Wed Aug 07 2024 00:00:00 GMT+0100 (Irish Standard Time),Thu Aug 08 2024 00:00:00 GMT+0100 (Irish Standard Time),Fri Aug 09 2024 00:00:00 GMT+0100 (Irish Standard Time),Mon Aug 12 2024 00:00:00 GMT+0100 (Irish Standard Time),Tue Aug 13 2024 00:00:00 GMT+0100 (Irish Standard Time),Wed Aug 14 2024 00:00:00 GMT+0100 (Irish Standard Time),Thu Aug 15 2024 00:00:00 GMT+0100 (Irish Standard Time),Fri Aug 16 2024 00:00:00 GMT+0100 (Irish Standard Time),Mon Aug 19 2024 00:00:00 GMT+0100 (Irish Standard Time),Tue Aug 20 2024 00:00:00 GMT+0100 (Irish Standard Time),Wed Aug 21 2024 00:00:00 GMT+0100 (Irish Standard Time),Thu Aug 22 2024 00:00:00 GMT+0100 (Irish Standard Time),Fri Aug 23 2024 00:00:00 GMT+0100 (Irish Standard Time),Mon Aug 26 2024 00:00:00 GMT+0100 (Irish Standard Time),Tue Aug 27 2024 00:00:00 GMT+0100 (Irish Standard Time),Wed Aug 28 2024 00:00:00 GMT+0100 (Irish Standard Time),Thu Aug 29 2024 00:00:00 GMT+0100 (Irish Standard Time),Fri Aug 30 2024 00:00:00 GMT+0100 (Irish Standard Time),Mon Sep 02 2024 00:00:00 GMT+0100 (Irish Standard Time),Tue Sep 03 2024 00:00:00 GMT+0100 (Irish Standard Time),Wed Sep 04 2024 00:00:00 GMT+0100 (Irish Standard Time),Thu Sep 05 2024 00:00:00 GMT+0100 (Irish Standard Time),Fri Sep 06 2024 00:00:00 GMT+0100 (Irish Standard Time),Mon Sep 09 2024 00:00:00 GMT+0100 (Irish Standard Time),Tue Sep 10 2024 00:00:00 GMT+0100 (Irish Standard Time),Wed Sep 11 2024 00:00:00 GMT+0100 (Irish Standard Time),Thu Sep 12 2024 00:00:00 GMT+0100 (Irish Standard Time),Fri Sep 13 2024 00:00:00 GMT+0100 (Irish Standard Time),Mon Sep 16 2024 00:00:00 GMT+0100 (Irish Standard Time),Tue Sep 17 2024 00:00:00 GMT+0100 (Irish Standard Time),Wed Sep 18 2024 00:00:00 GMT+0100 (Irish Standard Time),Thu Sep 19 2024 00:00:00 GMT+0100 (Irish Standard Time),Fri Sep 20 2024 00:00:00 GMT+0100 (Irish Standard Time),Mon Sep 23 2024 00:00:00 GMT+0100 (Irish Standard Time),Tue Sep 24 2024 00:00:00 GMT+0100 (Irish Standard Time),Wed Sep 25 2024 00:00:00 GMT+0100 (Irish Standard Time),Thu Sep 26 2024 00:00:00 GMT+0100 (Irish Standard Time),Fri Sep 27 2024 00:00:00 GMT+0100 (Irish Standard Time),Mon Sep 30 2024 00:00:00 GMT+0100 (Irish Standard Time),Tue Oct 01 2024 00:00:00 GMT+0100 (Irish Standard Time),Wed Oct 02 2024 00:00:00 GMT+0100 (Irish Standard Time),Thu Oct 03 2024 00:00:00 GMT+0100 (Irish Standard Time),Fri Oct 04 2024 00:00:00 GMT+0100 (Irish Standard Time),Mon Oct 07 2024 00:00:00 GMT+0100 (Irish Standard Time),Tue Oct 08 2024 00:00:00 GMT+0100 (Irish Standard Time),Wed Oct 09 2024 00:00:00 GMT+0100 (Irish Standard Time),Thu Oct 10 2024 00:00:00 GMT+0100 (Irish Standard Time),Fri Oct 11 2024 00:00:00 GMT+0100 (Irish Standard Time),Mon Oct 14 2024 00:00:00 GMT+0100 (Irish Standard Time),Tue Oct 15 2024 00:00:00 GMT+0100 (Irish Standard Time),Wed Oct 16 2024 00:00:00 GMT+0100 (Irish Standard Time),Thu Oct 17 2024 00:00:00 GMT+0100 (Irish Standard Time),Fri Oct 18 2024 00:00:00 GMT+0100 (Irish Standard Time),Mon Oct 21 2024 00:00:00 GMT+0100 (Irish Standard Time),Mon Aug 05 2024 00:00:00 GMT+0100 (Irish Standard Time).1
Sadiyah Qureshi,,,,,,9,11,8,12,13,11,10,3,9,11,7,12,8,9,,,,,13,19,,,,,,,2,3,6,6,,7,5,5,8,4,7,3,6,13,18,4,3,6,4,2,6,6,3,6,,6,14,2,7,6,6,5,7,4,,8,16,5,5,6,5,3,,,6,8,3,6,4,5,3,2,7,7,8,10,7,14,,,3,11,7,4,5,3,7,5,6,5,7,5,6,8,6,8,9,,12,,,,,,8,12,9,11,,,,,,,,,3,8,5,10,10,8,6,5,,,5,5,9,10,10,10,9,9,12,8,8,8,15,7,9,,,,,5,12,6,8,7,7,7,8,7,12,6,6,6,6,,,,,,15,18,,5,6,6,14,6,9,10,8,8,6,7,11,,,,,,15,13,12,9,8,8,10,6,12,,9,3,6,10,10,,
Kate ODriscoll,,,,,,,,,,,,,,,,,,,,,,,,,,,,,,,,,,,,,,,,,,,,,,,,,,,,,,,,,,,,,,,,,,,,,,,,,,,,,,,,,,,,,,,,,,,,,,,,,,,,,,,,,,,,,,4,,,,,,,,,,,,,,,,,,,,,,,,,,,,,,,,,,,,,,,,,,,,,,,,,,,,,,,,,,,,,9,6,10,5,4,,,15,,,7,10,8,7,10,9,10,6,6,11,10,6,8,9,7,,,,,,11,8,7,10,5,11,8,6,8,,,
Alan Mulconry,,,,,,,,,,,,,,,,,,,,,,,,,,,3,7,5,4,9,6,4,3,6,9,9,6,6,8,6,6,12,8,11,16,9,3,3,7,7,8,7,3,6,,7,14,5,6,8,7,5,8,6,,4,17,5,,,,,,,5,8,6,6,8,9,3,4,7,10,10,8,7,16,6,,4,13,6,4,5,4,9,5,6,5,7,7,7,10,7,7,10,,12,,14,30,9,7,8,10,8,9,12,14,12,14,13,1,,1,3,4,7,11,12,8,6,7,1,4,6,10,10,12,,12,16,11,14,8,13,10,13,6,15,10,19,20,,9,14,8,,6,,12,12,9,10,9,8,5,13,,6,10,5,7,18,17,,,,,,,,,10,11,9,9,13,12,8,9,8,8,9,14,19,8,9,,,,,,11,8,5,8,9,,
Erin Reilly,,,,,,4,11,,12,9,11,10,1,,,,,,,,7,11,9,11,20,,9,10,5,3,,,9,6,5,4,8,4,6,7,6,7,5,4,10,16,,3,3,4,4,7,4,3,7,7,14,3,5,,6,6,5,6,5,,7,16,5,4,7,9,3,6,6,6,6,,,3,6,3,2,7,6,9,7,9,12,7,,3,10,5,4,5,4,6,5,6,5,7,5,8,,5,7,11,,11,,20,20,17,7,,9,8,7,9,14,16,10,13,6,,,3,5,6,,,4,4,2,,,,,,,15,12,14,2,12,10,10,10,10,,14,10,15,,,6,10,5,,10,6,,,9,,8,8,6,,,7,7,5,9,17,17,2,4,10,5,14,9,9,5,,,,,,11,,8,8,8,,,,,10,7,8,7,11,7,,,,,,,
Beau McAfee,,,,,,,,,,,,,,,,,,,,,,,,,,,3,6,5,3,7,5,4,4,5,9,7,6,4,10,6,6,5,4,13,20,13,3,3,5,5,11,6,5,5,,7,14,7,4,7,7,7,8,6,,4,24,4,,6,12,5,6,8,8,7,3,6,4,5,3,4,5,10,8,11,11,19,5,,5,11,6,4,5,6,,6,5,7,7,5,7,,,,,,,,,,,,,,,,,19,15,13,12,8,,,3,3,,10,8,,8,7,,2,5,,,10,11,12,13,11,11,8,8,11,12,8,9,10,15,23,,6,13,7,,10,,7,10,5,9,8,8,7,12,11,7,7,7,7,16,16,,6,9,,,,,,9,12,5,7,12,7,10,7,7,8,13,11,16,7,,,,,,,12,8,6,7,7,,
Aoife Moran,,6,9,4,6,8,4,5,,,8,8,2,8,5,9,13,9,12,12,5,11,10,13,16,,2,,,,5,8,,,,6,11,7,8,6,7,5,5,4,12,15,9,,,,7,9,5,6,7,,7,14,6,5,6,6,6,6,4,,9,15,5,5,7,12,3,6,6,4,8,4,7,3,5,3,2,8,6,9,7,10,13,5,,5,9,8,4,5,4,8,6,6,6,6,6,5,10,7,6,11,,12,,15,25,13,7,10,,,,,15,13,11,16,4,,,4,2,7,6,8,6,,3,,3,6,6,9,8,11,9,14,12,15,,,10,10,10,7,6,12,20,,5,13,8,,,,,,7,10,8,10,8,7,11,6,10,3,8,26,20,,6,,9,,10,8,10,,,,,,10,11,8,6,10,12,10,17,9,9,7,13,6,10,7,8,,,,,,
David Martin,,7,15,,,,,,16,12,9,12,2,12,6,10,10,7,,,10,13,7,10,19,,9,10,3,3,4,6,5,4,3,4,9,5,7,5,8,6,3,7,11,16,7,4,5,,4,6,6,3,7,,6,17,7,4,7,7,5,6,,,4,16,3,6,7,12,3,6,1,7,8,5,4,5,4,5,2,7,,5,7,6,13,5,,5,9,6,6,3,5,10,2,6,7,6,7,5,9,8,10,8,,13,,12,26,,,,,,,,15,14,11,9,3,,,4,4,4,9,7,5,5,6,1,,7,6,8,9,9,10,13,14,13,9,11,,,9,6,8,9,16,0,4,12,6,,9,10,14,9,6,,,8,7,6,10,6,8,7,10,12,16,,3,9,,,,,,,,9,7,11,8,9,8,6,7,12,14,16,10,8,,,,,,12,7,5,6,,,
Ciara Lawler,,7,15,6,7,,,14,14,,8,10,2,12,8,6,9,9,9,11,,,6,,,,7,10,11,3,5,5,4,5,3,4,8,6,,9,,7,,6,10,,6,3,5,5,6,6,6,3,4,,7,14,5,5,6,10,7,8,5,,7,16,5,,9,5,5,6,8,8,2,7,4,7,4,4,5,,,,8,8,4,4,,3,9,8,4,5,4,5,6,6,5,7,5,5,10,9,6,9,,13,,17,28,12,,,,,,,,,,,,1,3,6,7,5,8,14,,6,5,1,,8,5,5,,,16,,1,,,,10,8,,13,13,17,16,,13,6,,,12,2,,7,1,9,16,16,7,5,6,9,,3,,,,,,,,,,,,,,,,,,,,,,,,,,,,,,,,,,,,,,
Sean Scully,,,,,,,,,,,,,,,,,,,,,,,,,,,,,,,,,,,,,,,,,,,,,,,,,,,,,,,,,,,,,,,,,,,,,,,,,,,,,,,,,,,,,,,,,,,,,,,,,,,,,,,,,,,,,,,,,,,,,,,,,,,,,,,,,,,,,,,,,,,,,,,,,,,,,,,,,,,,,,,,,,,,,,,,,,,,,,,,,,,,,,,,,,,,,,,,,,,,,,,,,,,,,,,,,,,,
Daria Michalik,,,,,,,,,,,,,,,,,,,,,,,,,,,,,,,,,,,,,,,,,,,,,,,,,,,,,,,,,,,,,,,,,,,,,,,,,,,,,,,,,,,,,,,,,,,,,,,,,,,,,,,,,,,,,,,,,,,,,,,,,,,,,,,,,,,,,,,,,,,,,,,,,,,,,,,,,,,,,,,,,,,,,,,,,,,8,3,7,7,4,3,,,,,6,9,7,7,4,6,10,4,8,11,6,6,8,6,8,,,,,,10,9,6,9,8,9,8,,,,,
Cliona Hornibrook,,,,,,,,,,,,,,,,,,,,,,,,,,,,,,,,,,,,,,,,,,,,,,,,,,,,,,,,,,,,,,,,,,,,,,,,,,,,,,,,,,,,,,,,,,,,,,,,,,,,,,,,,,,,,,,,,,,,,,,,,,,,,,,,,,,,,,,,,,,,,,,,,,,,,,,,,,,,,,,,,,,,,,,,,,,,,,,,,,,,,,,,,,,,,,,,,,,,,,,,,,,,,,,,,,,,
Ally Walsh,,,,,,,,,,,,,,,,,,,,,,,,,,,,,,,,,,,,,,,,,,,,,,,,,,,,,,,,,,,,,,,,,,,,,,,,,,,,,,,,,,,,,,,,,,,,,,,,,,,,,,,,,,,,,,,,,,,,,,,,,,,,,,,,,,,,,,,,,,,,,,,,,,,,,,,,,,,,,,,,,,,,,,,,,,,,,,,,,,,,,,,,,,,,,,,,,,,,,,,,,,,,,,,,,,,,
Ali Mullins,,,,,,,,,,,,,,,,,,,,,,,,,,,,,,,,,,,,,,,,,,,,,,,,,,,,,,,,,,,,,,,,,,,,,,,,,,,,,,,,,,,,,,,,,,,,,,,,,,,,,,,,,,,,,,,,,,,,,,,,,,,,,,,,,,,,,,,,,,,,,,,,,,,,,,,,,,,,,,,,,,,,,,,,,,,,,,,,,,,,,,,,,,,,,,,,,,,,,,,,,,,,,,,,,,,,
Richard Mullan,,6,13,7,6,6,10,9,11,10,8,13,2,10,8,7,12,9,10,12,15,19,14,21,28,,11,11,3,9,4,7,6,6,3,6,11,6,7,7,6,6,5,7,9,17,8,3,3,4,,,,,,,7,16,6,4,6,6,6,7,5,,8,16,4,6,,7,5,6,7,3,5,4,6,5,3,5,3,8,6,6,7,7,14,6,,3,7,6,8,5,5,5,4,5,7,8,5,5,6,9,7,7,,16,,13,27,10,11,8,9,9,15,6,14,,,,,1,2,4,7,11,8,12,7,5,5,2,2,4,8,10,12,10,10,14,10,17,11,11,9,13,10,,6,8,,,,,,,12,,7,10,9,9,8,5,6,9,,,,,,9,12,7,5,8,9,12,6,10,11,8,11,10,5,12,10,6,10,7,7,,,,,,10,8,6,12,8,13,9,7,8,11,,
Molly McDaid,,,,,,,,,,,,,,,,,,,,,,,,,,,,,,,,,,,,,,,,,,,,,,,,,,,,,,,,,,,,,,,,,,,,,,,,,,,,,,,,,,,,,,,,,,,,,,,,,,,,,,,,,,,,,,,,,,,,,,,,,,,,,,,,,,,,,,,,,,,,,,,,,,,,,,,,,,,,,,,,,,,,,,,,,,,,,,,,,,,,,,,,,,,,,,,,,,,,,,,,,,,,,,,,,7,10,,
Nicole Duddy,,,,,,,,,,,,,,,,,,,,,,,,,,,,,,,,,,,,,,,,,,,,,,,,,,,,,,,,,,,,,,,,,,,,,,,,,,,,,,,,,,,,,,,,,,,,,,,,,,,,,,,,,,,,,,,,,,,,,,,,,,,,,,,,,,,,,,,,,,,,,,,,,,,,,,,,,,,,,,,,,,,,,,,,,,,,,,,,,,,,,,,,,,,,,,,,,,,,,,,,,,,,,,,,,,,,
Maura OMalley,,,,,,,,,,,,,,,,,,,,,,,,,,,3,9,6,5,5,5,4,4,5,7,9,6,8,4,6,,,,,17,10,3,3,4,5,8,6,6,,,6,14,6,7,5,7,9,5,4,,7,16,4,,7,10,1,6,6,7,6,6,5,5,6,5,2,,,,,10,17,4,,3,9,7,4,5,4,5,6,6,5,7,7,10,9,9,9,9,3,11,,13,28,12,7,13,7,9,8,13,,16,16,15,4,,,4,5,6,5,10,4,7,4,,3,4,7,10,9,,,10,6,,10,12,8,13,11,11,12,14,17,,,13,6,,8,,13,10,6,8,7,6,7,6,,,,,,16,16,,6,9,,,,,,9,11,7,5,10,,,,,,9,14,16,7,7,7,7,8,10,10,12,6,7,9,10,,
Francesca Giuliano,,,,,,,,,,,,,,,,,,,,,,,,,,,,,,,,,,,,,,,,,,,,,,,,,,,,,,,,,,,,,,,,,,,,,,,,,,,,,,,,,,,,,,,,,,,,,,,,,,,,,,,,,,,,,,,,,,,,,,,,,,,,,,,,,,,,,,,,,,,,,,,,,,,,,,,,,,,,,,,,,,,,,,,,,,,,,,,,6,14,5,5,8,5,14,7,,9,,,,,,5,10,6,8,7,,14,17,9,8,8,7,7,12,7,,,,,,,
Dualta Mac Lochlainn,,,,,,,,,,,,,,,,,,,,,,,,,,,,,,,,,,,,,,,,,,,,,,,,,,,,,,,,,,,,,,,,,,,,,,,,,,,,,,,,,,,,,,,,,,,,,,,,,,,,,,,,,,,,,,,,,,,,,,,,,,,,,,,,,,,,,,,,,,,,,,,,,,,,,,,,,,,,,,,,,,,,,,,,,,,,,,,,6,10,7,4,8,7,12,10,7,6,1,,,,,7,8,6,9,8,13,12,15,9,10,8,6,7,9,7,,,,,,,
Ben LeConey,,,,,,,,,,,,,,,,,,,,,,,,,,,3,8,4,3,6,5,3,4,5,7,8,6,8,6,6,6,6,7,11,17,8,3,4,5,3,8,5,3,9,6,13,16,10,3,7,7,6,6,6,,5,17,4,,6,10,5,6,5,8,6,5,6,3,,3,3,5,9,7,9,6,12,5,,5,7,8,7,4,6,3,7,6,7,7,3,,7,9,6,10,,15,,,,,,7,15,9,13,12,16,10,14,15,5,,,,,,,,,,,2,2,6,7,6,9,10,11,22,15,10,8,9,13,11,9,7,14,15,,,5,10,7,,6,10,4,10,11,10,8,4,7,8,,,,,,18,16,,5,8,5,11,8,12,8,7,11,6,8,13,,,,,,11,14,13,9,8,8,8,4,8,7,13,9,5,8,10,,
Aoife Woods,,,,,,,,,,,,,,,,,,,,,,,,,,,,,,,,,,,,,,,,,,,,,,,,,,,,,,,,,,,,,,,,,,,,,,,,,,,,,,,,,,,,,,,,,,,,,,,,,,,,,,,,,,,,,,,,,,,,,,,,,,,,,,,,,,,,,,,,,,,,,,,,,,,,,,,,,,,,,,,,,,,,,,,,,,,,,,,,12,18,5,2,9,,,,,,10,12,4,9,8,9,8,7,5,9,13,15,13,9,10,,,,,,12,9,6,7,12,,
